subsection_name,section_name,description
Executive Summary,Executive Summary,"Rating Assignment is: Summarize the assigned credit rating (e.g., AAA, AA+, etc.) and the outlook (e.g., stable, positive, negative). Rationale: A brief explanation of the key factors behind the rating, including financial strength, operational performance, and risks."
Business Profile,Business Profile,"Provide a high-level snapshot of the company, including its overall market position, main competitors and respective market shares, global presence, and strategic direction. Focus on the company's core offerings by identifying key products, services, and primary revenue drivers, including consideration of geographic or segment-based analysis."
Industry Analysis,Industry Analysis,Analyzes the company's industry including its recent trends and developments. 
Profitability,Operational Performance,"Measures the company's ability to convert revenue into profit, assessing overall financial health and sustainability by examining profit margins, returns on assets, and returns on equity to understand its capacity for generating shareholder value."
Efficiency and Asset Utilization,Operational Performance,"Focuses on the company's ability to maximize asset productivity, emphasizing turnover ratios to evaluate how efficiently inventory and assets are cycled through operations. "
Cost Management and Expense Allocation,Operational Performance,"Examines how well the company controls costs and strategically allocates expenses to optimize financial efficiency, minimize waste. This includes evaluating tax strategies and asset depreciation impact on expenses."
Growth Potential and Reinvestment,Operational Performance,"Focuses on the company's ability to drive future growth through reinvestment in key areas such as capital expenditures and R&D, as well as its capacity to generate sustained revenue growth and long-term value for stakeholders."
Debt Structure and Leverage,Debt and Funding Structure,"Examines the company's debt levels and reliance on borrowed funds using indicators like Total Debt and Debt-to-Equity Ratio. Also considers covenant compliance and hidden risks like off-balance liabilities. High leverage suggests greater risk and less financial flexibility, while lower leverage signals stability and creditworthiness."
Debt Maturities and Refinancing,Debt and Funding Structure,"Focuses on the timing of debt obligations, using metrics like short term and long term debt ratios to assess refinancing needs. Companies with staggered maturities and proactive refinancing have lower risk, while a concentration of near-term debt may negatively impact credit ratings."
Liquidity,Debt and Funding Structure,"Analyzes the company's ability to meet short-term obligations with metrics like Current Ratio and Cash Ratio, ensuring it can cover expenses and debt without liquidity issues."
Debt Servicing Capacity,Debt and Funding Structure,"Evaluates how well the company can pay its debt using cash flow and earnings, with indicators like Interest Coverage Ratio and Debt Service Coverage Ratio to gauge debt management efficiency."
Probability of Default Analysis,Outlook and Rating Rationale,Discuss about the probability of default from a statistical model.
Outlook,Outlook and Rating Rationale,"Provide the rating outlook (stable, positive, negative) and the rationale behind it."